Case,Filename,WindSpeed_m/s,Duration_s,Duration_min,Success
1,000_ws04.0_om2.50.fst,4.0,4.975682258605957,0.08292803764343262,False
2,001_ws05.0_om7.50.fst,5.0,4.900455951690674,0.08167426586151123,False
3,002_ws08.0_om9.00.fst,8.0,4.924070119857788,0.08206783533096314,False
4,003_ws10.0_om11.30.fst,10.0,4.8424084186553955,0.08070680697758993,False
5,004_ws12.0_om12.10.fst,12.0,5.015133857727051,0.08358556429545085,False
6,005_ws14.0_om12.10.fst,14.0,4.813994407653809,0.08023324012756347,False
7,006_ws16.0_om12.10.fst,16.0,4.864124298095703,0.08106873830159506,False
